2016-03-18,1000000000,"","","",####### OPENING BALANCE: R 13098.82 #######
2016-03-18,-2000.0,"","","",CATS THIRD PARTY PAYMENT
2016-03-18,-1250.0,"","","",CATS THIRD PARTY PAYMENT
2016-03-18,-1193.2,"","","",CATS THIRD PARTY PAYMENT
2016-03-18,-770.0,"","","",CATS THIRD PARTY PAYMENT
2016-03-18,-2000.0,"","","",CATS THIRD PARTY PAYMENT
2016-03-24,-1200.0,"","","",CATS THIRD PARTY PAYMENT
2016-03-24,-700.0,"","","",CATS THIRD PARTY PAYMENT
2016-03-24,1000000000,"","","",####### CLOSING BALANCE: R 3985.62 #######
